{"stat.useItem.minecraft.bow":38,"stat.walkOneCm":36565,"stat.playerKills":3,"stat.useItem.minecraft.iron_sword":27,"stat.leaveGame":3,"stat.damageTaken":2554,"stat.useItem.minecraft.golden_apple":1,"stat.flyOneCm":48317,"stat.deaths":7,"stat.jump":176,"stat.swimOneCm":272,"stat.playOneMinute":5680,"stat.fallOneCm":28078,"stat.damageDealt":2485,"stat.timeSinceDeath":782,"stat.sprintOneCm":15422,"achievement.exploreAllBiomes":{"value":0,"progress":["Roofed Forest","Birch Forest","Jungle","Plains","Taiga","Deep Ocean"]},"stat.diveOneCm":4316}