{"stat.useItem.minecraft.bow":29,"stat.walkOneCm":83845,"stat.playerKills":3,"stat.useItem.minecraft.iron_sword":5,"stat.leaveGame":6,"stat.damageTaken":4050,"stat.flyOneCm":42809,"stat.deaths":18,"stat.drop":30,"stat.jump":356,"stat.playOneMinute":26689,"stat.fallOneCm":68787,"stat.damageDealt":350,"stat.enderchestOpened":2,"stat.timeSinceDeath":1018,"stat.sprintOneCm":25888,"achievement.exploreAllBiomes":{"value":0,"progress":["Mesa","Roofed Forest","Birch Forest","Jungle","Plains","Taiga","Desert","Deep Ocean"]}}