{"stat.useItem.minecraft.bow":4,"stat.walkOneCm":134178,"stat.playerKills":15,"stat.useItem.minecraft.iron_sword":97,"stat.leaveGame":2,"stat.damageTaken":4609,"stat.useItem.minecraft.golden_apple":4,"stat.flyOneCm":136265,"stat.deaths":18,"stat.jump":480,"stat.playOneMinute":20592,"stat.fallOneCm":67817,"stat.damageDealt":7360,"stat.crouchOneCm":724,"stat.timeSinceDeath":101,"stat.sprintOneCm":71861,"achievement.exploreAllBiomes":{"value":0,"progress":["Mesa","Roofed Forest","Birch Forest","Jungle","Plains","Taiga","Desert","Deep Ocean"]}}