{"stat.useItem.minecraft.bow":458,"stat.walkOneCm":409785,"stat.playerKills":16,"stat.useItem.minecraft.iron_sword":48,"stat.leaveGame":17,"stat.damageTaken":6907,"stat.useItem.minecraft.diamond_sword":35,"stat.useItem.minecraft.golden_apple":15,"stat.flyOneCm":196599,"stat.deaths":24,"stat.drop":4,"stat.jump":905,"stat.swimOneCm":2913,"stat.playOneMinute":47517,"stat.fallOneCm":177532,"stat.damageDealt":7555,"stat.enderchestOpened":2,"stat.timeSinceDeath":1919,"stat.sprintOneCm":325548,"achievement.exploreAllBiomes":{"value":0,"progress":["Mesa","Beach","Roofed Forest","Birch Forest","Jungle","Plains","Taiga","Desert","Deep Ocean","Savanna"]},"stat.diveOneCm":2537}