{"stat.useItem.minecraft.bow":79,"stat.useItem.minecraft.golden_apple":4,"stat.flyOneCm":147996,"stat.deaths":5,"stat.walkOneCm":76480,"stat.jump":553,"stat.playerKills":12,"stat.playOneMinute":12133,"stat.fallOneCm":34724,"stat.useItem.minecraft.iron_sword":60,"stat.leaveGame":4,"stat.damageTaken":1480,"stat.damageDealt":5055,"stat.crouchOneCm":1031,"stat.timeSinceDeath":0,"stat.sprintOneCm":53658,"achievement.exploreAllBiomes":{"value":0,"progress":["Mesa","Roofed Forest","Birch Forest","Jungle","Plains","Taiga","Desert","Deep Ocean","Savanna"]}}