{"stat.useItem.minecraft.bow":23,"stat.walkOneCm":145576,"stat.playerKills":11,"achievement.openInventory":13,"stat.useItem.minecraft.iron_sword":74,"stat.leaveGame":8,"stat.damageTaken":6539,"stat.useItem.minecraft.diamond_sword":5,"stat.useItem.minecraft.golden_apple":2,"stat.flyOneCm":99300,"stat.deaths":18,"stat.jump":416,"stat.playOneMinute":22782,"stat.fallOneCm":6661,"stat.damageDealt":6550,"stat.crouchOneCm":76,"stat.timeSinceDeath":5728,"stat.sprintOneCm":83089,"achievement.exploreAllBiomes":{"value":0,"progress":["Roofed Forest","Birch Forest","Jungle","Plains","Taiga","Deep Ocean"]}}