{"stat.useItem.minecraft.bow":3,"stat.useItem.minecraft.golden_apple":6,"stat.flyOneCm":74276,"stat.deaths":3,"stat.walkOneCm":35689,"stat.jump":315,"stat.playerKills":13,"stat.playOneMinute":5813,"stat.fallOneCm":18040,"stat.useItem.minecraft.iron_sword":86,"stat.leaveGame":2,"stat.damageTaken":1181,"stat.damageDealt":7535,"stat.timeSinceDeath":0,"stat.sprintOneCm":20556,"achievement.exploreAllBiomes":{"value":0,"progress":["Roofed Forest","Birch Forest","Jungle","Plains","Taiga","Desert","Deep Ocean"]}}