{"stat.useItem.minecraft.bow":187,"stat.walkOneCm":301411,"stat.playerKills":33,"stat.useItem.minecraft.iron_sword":204,"stat.leaveGame":3,"stat.damageTaken":7953,"stat.useItem.minecraft.diamond_sword":32,"stat.useItem.minecraft.golden_apple":4,"stat.flyOneCm":211937,"stat.deaths":15,"stat.drop":4,"stat.jump":1015,"stat.swimOneCm":258,"stat.playOneMinute":36512,"stat.fallOneCm":88187,"stat.damageDealt":23785,"stat.enderchestOpened":2,"stat.timeSinceDeath":3938,"stat.sprintOneCm":140075,"achievement.exploreAllBiomes":{"value":0,"progress":["Mesa","Roofed Forest","Birch Forest","Jungle","Ocean","Forest","Plains","Taiga","Desert","Deep Ocean","Savanna"]},"stat.diveOneCm":472}