{"stat.useItem.minecraft.golden_apple":4,"stat.useItem.minecraft.bow":1,"stat.flyOneCm":46490,"stat.deaths":19,"stat.walkOneCm":94423,"stat.jump":217,"stat.playerKills":7,"stat.playOneMinute":7146,"stat.fallOneCm":59025,"stat.useItem.minecraft.iron_sword":111,"stat.leaveGame":1,"stat.damageTaken":4234,"stat.damageDealt":9305,"stat.crouchOneCm":819,"stat.timeSinceDeath":0,"stat.sprintOneCm":59783,"achievement.exploreAllBiomes":{"value":0,"progress":["Mesa","Roofed Forest","Birch Forest","Plains","Taiga","Deep Ocean"]}}