{"stat.useItem.minecraft.bow":4,"stat.useItem.minecraft.golden_apple":2,"stat.flyOneCm":47712,"stat.deaths":2,"stat.walkOneCm":19343,"stat.jump":173,"stat.swimOneCm":473,"stat.playerKills":3,"stat.playOneMinute":3837,"stat.useItem.minecraft.iron_sword":15,"stat.leaveGame":6,"stat.damageTaken":449,"stat.damageDealt":1330,"stat.timeSinceDeath":0,"stat.sprintOneCm":7212,"achievement.exploreAllBiomes":{"value":0,"progress":["Mesa","Roofed Forest","Birch Forest","Jungle","Plains","Taiga","Deep Ocean"]}}