{"stat.useItem.minecraft.bow":111,"stat.walkOneCm":384358,"stat.playerKills":19,"stat.leaveGame":13,"stat.useItem.minecraft.diamond_sword":84,"stat.jump":502,"stat.swimOneCm":138,"stat.fallOneCm":247583,"stat.crouchOneCm":94,"stat.enderchestOpened":4,"stat.useItem.minecraft.obsidian":41,"stat.sprintOneCm":247580,"achievement.exploreAllBiomes":{"value":0,"progress":["Roofed Forest","Birch Forest","Jungle","Plains","Taiga","Deep Ocean"]},"stat.useItem.minecraft.iron_sword":308,"stat.damageTaken":14273,"stat.useItem.minecraft.golden_apple":9,"stat.flyOneCm":990244,"stat.deaths":54,"stat.drop":15,"stat.playOneMinute":38342,"stat.damageDealt":33855,"stat.timeSinceDeath":0,"stat.diveOneCm":155}