{"stat.useItem.minecraft.bow":69,"stat.walkOneCm":64391,"stat.playerKills":16,"achievement.openInventory":1,"stat.useItem.minecraft.iron_sword":74,"stat.leaveGame":7,"stat.damageTaken":2123,"stat.useItem.minecraft.golden_apple":15,"stat.flyOneCm":66937,"stat.deaths":6,"stat.jump":263,"stat.playOneMinute":39235,"stat.fallOneCm":35864,"stat.damageDealt":7160,"stat.timeSinceDeath":5153,"stat.sprintOneCm":36556,"achievement.exploreAllBiomes":{"value":0,"progress":["Mesa","Roofed Forest","Birch Forest","Jungle","Plains","Taiga","Deep Ocean"]}}