{"stat.useItem.minecraft.bow":118,"stat.walkOneCm":161628,"stat.playerKills":34,"achievement.openInventory":6,"stat.useItem.minecraft.iron_sword":271,"stat.leaveGame":21,"stat.damageTaken":7998,"stat.useItem.minecraft.diamond_sword":4,"stat.useItem.minecraft.golden_apple":8,"stat.flyOneCm":264862,"stat.deaths":19,"stat.jump":993,"stat.swimOneCm":6,"stat.playOneMinute":28434,"stat.fallOneCm":86208,"stat.damageDealt":22445,"stat.crouchOneCm":2332,"stat.timeSinceDeath":37,"stat.sprintOneCm":93704,"achievement.exploreAllBiomes":{"value":0,"progress":["Mesa","Roofed Forest","Birch Forest","Jungle","Plains","Taiga","Desert","Deep Ocean"]}}