{"stat.useItem.minecraft.bow":277,"stat.walkOneCm":322108,"stat.playerKills":24,"stat.useItem.minecraft.iron_sword":151,"stat.leaveGame":17,"stat.damageTaken":5892,"stat.useItem.minecraft.golden_apple":18,"stat.flyOneCm":407612,"stat.deaths":12,"stat.jump":1354,"stat.swimOneCm":777,"stat.playOneMinute":285747,"stat.fallOneCm":167333,"stat.damageDealt":11690,"stat.crouchOneCm":1312,"stat.timeSinceDeath":4928,"stat.sprintOneCm":229198,"achievement.exploreAllBiomes":{"value":0,"progress":["Mesa","Beach","Roofed Forest","Birch Forest","Jungle","Forest","Plains","Desert","Taiga","Deep Ocean","Savanna"]},"stat.diveOneCm":121}