{"stat.useItem.minecraft.bow":72,"stat.walkOneCm":79845,"stat.playerKills":7,"stat.useItem.minecraft.iron_sword":38,"stat.leaveGame":16,"stat.damageTaken":2561,"stat.useItem.minecraft.golden_apple":3,"stat.flyOneCm":70282,"stat.deaths":11,"stat.jump":262,"stat.playOneMinute":16803,"stat.fallOneCm":44762,"stat.damageDealt":2940,"stat.crouchOneCm":1191,"stat.timeSinceDeath":4773,"stat.sprintOneCm":41463,"achievement.exploreAllBiomes":{"value":0,"progress":["Mesa","Roofed Forest","Birch Forest","Jungle","Plains","Taiga","Desert","Deep Ocean"]}}