{"stat.useItem.minecraft.bow":15,"stat.walkOneCm":38759,"stat.playerKills":2,"stat.useItem.minecraft.iron_sword":21,"stat.leaveGame":2,"stat.damageTaken":1569,"stat.useItem.minecraft.golden_apple":1,"stat.flyOneCm":46749,"stat.deaths":6,"stat.jump":142,"stat.playOneMinute":5437,"stat.fallOneCm":22864,"stat.damageDealt":1665,"stat.crouchOneCm":970,"stat.timeSinceDeath":791,"stat.sprintOneCm":20898,"achievement.exploreAllBiomes":{"value":0,"progress":["Roofed Forest","Birch Forest","Jungle","Plains","Taiga","Desert","Deep Ocean"]}}