{"stat.useItem.minecraft.bow":35,"stat.useItem.minecraft.golden_apple":1,"stat.flyOneCm":45174,"stat.deaths":10,"stat.walkOneCm":80398,"stat.jump":163,"stat.swimOneCm":394,"stat.playerKills":5,"stat.playOneMinute":7163,"stat.fallOneCm":32614,"stat.useItem.minecraft.iron_sword":50,"stat.leaveGame":1,"stat.damageTaken":2589,"stat.damageDealt":3975,"stat.enderchestOpened":1,"stat.timeSinceDeath":61,"stat.sprintOneCm":34206,"achievement.exploreAllBiomes":{"value":0,"progress":["Roofed Forest","Birch Forest","Jungle","Plains","Taiga","Deep Ocean"]},"stat.diveOneCm":23}