{"stat.useItem.minecraft.bow":89,"stat.useItem.minecraft.golden_apple":2,"stat.flyOneCm":267634,"stat.deaths":5,"stat.walkOneCm":169464,"stat.jump":1125,"stat.swimOneCm":365,"stat.playerKills":3,"stat.playOneMinute":32501,"stat.fallOneCm":49706,"stat.leaveGame":4,"stat.damageTaken":1520,"stat.damageDealt":695,"stat.crouchOneCm":273,"stat.enderchestOpened":1,"stat.timeSinceDeath":3407,"stat.sprintOneCm":109753,"achievement.exploreAllBiomes":{"value":0,"progress":["Mesa","Beach","Roofed Forest","Birch Forest","Jungle","Plains","Taiga","Desert","Deep Ocean","Savanna"]},"stat.useItem.minecraft.diamond_sword":7}