{"stat.useItem.minecraft.bow":1047,"stat.walkOneCm":1207388,"stat.playerKills":131,"stat.useItem.minecraft.iron_sword":752,"stat.leaveGame":17,"stat.damageTaken":32287,"stat.useItem.minecraft.diamond_sword":96,"stat.useItem.minecraft.golden_apple":87,"stat.flyOneCm":1294859,"stat.deaths":75,"stat.drop":1,"stat.jump":4742,"stat.swimOneCm":2471,"stat.playOneMinute":188270,"stat.fallOneCm":482910,"stat.damageDealt":67405,"stat.crouchOneCm":2033,"stat.timeSinceDeath":255,"stat.sprintOneCm":685454,"achievement.exploreAllBiomes":{"value":0,"progress":["Mesa","Roofed Forest","Birch Forest","Jungle","Plains","Taiga","Desert","Deep Ocean","Savanna"]},"stat.diveOneCm":9590}