{"stat.useItem.minecraft.bow":24,"stat.useItem.minecraft.golden_apple":1,"stat.flyOneCm":58363,"stat.deaths":11,"stat.walkOneCm":31524,"stat.jump":277,"stat.playerKills":3,"stat.playOneMinute":4960,"stat.fallOneCm":42721,"stat.useItem.minecraft.iron_sword":24,"stat.leaveGame":1,"stat.damageTaken":2555,"stat.damageDealt":2345,"stat.timeSinceDeath":0,"stat.sprintOneCm":15656,"achievement.exploreAllBiomes":{"value":0,"progress":["Roofed Forest","Birch Forest","Jungle","Plains","Taiga","Desert","Deep Ocean"]}}