{"stat.useItem.minecraft.bow":1,"stat.walkOneCm":20214,"stat.playerKills":2,"achievement.openInventory":8,"stat.useItem.minecraft.iron_sword":3,"stat.leaveGame":3,"stat.damageTaken":456,"stat.useItem.minecraft.golden_apple":1,"stat.flyOneCm":14826,"stat.deaths":2,"stat.jump":75,"stat.playOneMinute":4736,"stat.fallOneCm":14514,"stat.damageDealt":445,"stat.crouchOneCm":1,"stat.timeSinceDeath":2198,"stat.sprintOneCm":11958,"achievement.exploreAllBiomes":{"value":0,"progress":["Roofed Forest","Birch Forest","Jungle","Plains","Taiga","Deep Ocean"]}}