{"stat.useItem.minecraft.bow":56,"stat.walkOneCm":81576,"stat.playerKills":3,"stat.useItem.minecraft.iron_sword":40,"stat.leaveGame":2,"stat.damageTaken":2714,"stat.useItem.minecraft.golden_apple":3,"stat.flyOneCm":77988,"stat.deaths":9,"stat.jump":277,"stat.playOneMinute":8266,"stat.fallOneCm":44075,"stat.damageDealt":2975,"stat.timeSinceDeath":1113,"stat.sprintOneCm":52400,"achievement.exploreAllBiomes":{"value":0,"progress":["Mesa","Roofed Forest","Birch Forest","Jungle","Plains","Taiga","Desert","Deep Ocean"]}}