{"stat.useItem.minecraft.bow":201,"stat.walkOneCm":429057,"stat.playerKills":15,"stat.useItem.minecraft.iron_sword":112,"stat.leaveGame":6,"stat.damageTaken":13960,"stat.useItem.minecraft.diamond_sword":4,"stat.useItem.minecraft.golden_apple":10,"stat.flyOneCm":388153,"stat.deaths":41,"stat.drop":1,"stat.jump":1641,"stat.swimOneCm":5278,"stat.playOneMinute":73163,"stat.fallOneCm":185257,"stat.damageDealt":9395,"stat.crouchOneCm":1824,"stat.timeSinceDeath":0,"stat.sprintOneCm":147790,"achievement.exploreAllBiomes":{"value":0,"progress":["Mesa","Roofed Forest","Birch Forest","Jungle","Forest","Plains","Taiga","Desert","Deep Ocean"]},"stat.diveOneCm":28646}