{"stat.useItem.minecraft.bow":22,"stat.walkOneCm":26449,"stat.playerKills":1,"stat.useItem.minecraft.iron_sword":3,"stat.leaveGame":19,"stat.damageTaken":461,"stat.useItem.minecraft.golden_apple":1,"stat.flyOneCm":45518,"stat.deaths":1,"stat.jump":158,"stat.playOneMinute":12686,"stat.fallOneCm":8956,"stat.damageDealt":245,"stat.crouchOneCm":216,"stat.timeSinceDeath":5143,"stat.sprintOneCm":17394,"achievement.exploreAllBiomes":{"value":0,"progress":["Mesa","Roofed Forest","Plains","Desert","Taiga","Deep Ocean","Savanna"]}}