{"stat.useItem.minecraft.bow":5,"stat.flyOneCm":31919,"stat.deaths":8,"stat.walkOneCm":59992,"stat.jump":129,"stat.playOneMinute":13817,"stat.fallOneCm":52115,"achievement.openInventory":1,"stat.useItem.minecraft.iron_sword":13,"stat.leaveGame":1,"stat.damageTaken":2743,"stat.damageDealt":1345,"stat.crouchOneCm":130,"stat.enderchestOpened":1,"stat.timeSinceDeath":1485,"stat.sprintOneCm":24300,"achievement.exploreAllBiomes":{"value":0,"progress":["Roofed Forest","Plains","Taiga","Desert"]},"stat.useItem.minecraft.diamond_sword":5}