{"stat.useItem.minecraft.bow":39,"stat.walkOneCm":101444,"stat.playerKills":3,"stat.useItem.minecraft.iron_sword":36,"stat.leaveGame":5,"stat.damageTaken":3119,"stat.useItem.minecraft.golden_apple":4,"stat.flyOneCm":44979,"stat.deaths":11,"stat.jump":180,"stat.swimOneCm":3046,"stat.playOneMinute":16005,"stat.fallOneCm":27089,"stat.damageDealt":2715,"stat.crouchOneCm":424,"stat.enderchestOpened":1,"stat.timeSinceDeath":78,"stat.sprintOneCm":11599,"achievement.exploreAllBiomes":{"value":0,"progress":["Mesa","Roofed Forest","Birch Forest","Jungle","Plains","Taiga","Desert","Deep Ocean"]},"stat.diveOneCm":2258}