{"stat.useItem.minecraft.golden_apple":1,"stat.useItem.minecraft.bow":7,"stat.flyOneCm":129496,"stat.deaths":5,"stat.walkOneCm":59188,"stat.jump":486,"stat.playerKills":4,"stat.playOneMinute":9261,"stat.fallOneCm":29538,"stat.useItem.minecraft.iron_sword":20,"stat.leaveGame":1,"stat.damageTaken":1712,"stat.damageDealt":1780,"stat.crouchOneCm":206,"stat.timeSinceDeath":0,"stat.sprintOneCm":40582,"achievement.exploreAllBiomes":{"value":0,"progress":["Mesa","Roofed Forest","Birch Forest","Jungle","Plains","Desert","Taiga","Deep Ocean","Savanna"]}}