{"stat.beaconInteraction":6,"stat.useItem.minecraft.bow":318,"stat.walkOneCm":7668218,"stat.playerKills":364,"stat.leaveGame":125,"stat.useItem.minecraft.diamond_sword":241,"stat.jump":14300,"stat.swimOneCm":19038,"stat.fallOneCm":757803,"stat.crouchOneCm":1270223,"stat.enderchestOpened":3,"stat.useItem.minecraft.obsidian":142,"stat.sprintOneCm":2149896,"achievement.exploreAllBiomes":{"value":0,"progress":["Mesa","Beach","Roofed Forest","Birch Forest","Jungle","Forest","Plains","Taiga","Desert","Deep Ocean","Savanna"]},"stat.useItem.minecraft.iron_sword":1919,"stat.damageTaken":48865,"stat.useItem.minecraft.golden_apple":86,"stat.flyOneCm":4807422,"stat.deaths":103,"stat.drop":6,"stat.playOneMinute":797204,"stat.damageDealt":201895,"stat.timeSinceDeath":19260,"stat.diveOneCm":27816}