{"stat.useItem.minecraft.bow":441,"stat.walkOneCm":830056,"stat.playerKills":126,"stat.leaveGame":20,"stat.useItem.minecraft.cobblestone":18,"stat.useItem.minecraft.lava_bucket":4,"stat.useItem.minecraft.diamond_sword":6,"stat.jump":21537,"stat.swimOneCm":3041,"stat.fallOneCm":369280,"stat.crouchOneCm":2300,"stat.enderchestOpened":1,"stat.sprintOneCm":469715,"achievement.exploreAllBiomes":{"value":0,"progress":["Mesa","Beach","Roofed Forest","Birch Forest","Jungle","Forest","Plains","Taiga","Desert","Deep Ocean","Savanna"]},"stat.useItem.minecraft.iron_sword":863,"stat.damageTaken":49419,"stat.useItem.minecraft.golden_apple":34,"stat.flyOneCm":2027739,"stat.deaths":190,"stat.drop":1,"stat.playOneMinute":314413,"stat.damageDealt":81235,"stat.timeSinceDeath":0,"stat.diveOneCm":4969}