{"stat.useItem.minecraft.bow":348,"stat.walkOneCm":659772,"stat.playerKills":110,"stat.leaveGame":22,"stat.useItem.minecraft.diamond_sword":54,"stat.jump":8579,"stat.swimOneCm":1645,"stat.fallOneCm":765737,"stat.crouchOneCm":6468,"stat.enderchestOpened":2,"stat.sprintOneCm":319048,"achievement.exploreAllBiomes":{"value":0,"progress":["Beach","Mesa","Roofed Forest","Birch Forest","Jungle","Plains","Taiga","Desert","Deep Ocean","Savanna"]},"stat.useItem.minecraft.iron_sword":816,"stat.damageTaken":48150,"stat.useItem.minecraft.golden_apple":48,"stat.flyOneCm":2205285,"stat.deaths":148,"stat.drop":1,"stat.playOneMinute":244897,"stat.damageDealt":85250,"stat.timeSinceDeath":34,"stat.diveOneCm":10052,"stat.useItem.minecraft.fishing_rod":667}