{"stat.useItem.minecraft.bow":12,"stat.walkOneCm":361404,"stat.playerKills":12,"achievement.openInventory":2,"stat.useItem.minecraft.iron_sword":115,"stat.leaveGame":22,"stat.damageTaken":3034,"stat.useItem.minecraft.diamond_sword":3,"stat.useItem.minecraft.golden_apple":7,"stat.flyOneCm":259214,"stat.deaths":13,"stat.jump":978,"stat.playOneMinute":1224640,"stat.fallOneCm":59772,"stat.damageDealt":9725,"stat.crouchOneCm":135,"stat.timeSinceDeath":346,"stat.sprintOneCm":87872,"achievement.exploreAllBiomes":{"value":0,"progress":["Mesa","Beach","Roofed Forest","Birch Forest","Jungle","Plains","Taiga","Desert","Deep Ocean"]}}