{"stat.useItem.minecraft.bow":24,"stat.walkOneCm":97087,"stat.playerKills":12,"achievement.openInventory":10,"stat.useItem.minecraft.iron_sword":74,"stat.leaveGame":7,"stat.damageTaken":3073,"stat.useItem.minecraft.golden_apple":2,"stat.flyOneCm":63894,"stat.deaths":9,"stat.drop":3,"stat.jump":319,"stat.playOneMinute":14913,"stat.fallOneCm":13253,"stat.damageDealt":11025,"stat.crouchOneCm":705,"stat.timeSinceDeath":0,"stat.sprintOneCm":39725,"achievement.exploreAllBiomes":{"value":0,"progress":["Roofed Forest","Birch Forest","Jungle","Plains","Taiga","Deep Ocean"]}}