{"stat.useItem.minecraft.bow":72,"stat.walkOneCm":392358,"stat.playerKills":60,"stat.useItem.minecraft.iron_sword":426,"stat.leaveGame":15,"stat.damageTaken":13193,"stat.useItem.minecraft.golden_apple":19,"stat.flyOneCm":566882,"stat.deaths":45,"stat.jump":2226,"stat.playOneMinute":61432,"stat.fallOneCm":211665,"stat.damageDealt":36435,"stat.timeSinceDeath":0,"stat.sprintOneCm":178525,"achievement.exploreAllBiomes":{"value":0,"progress":["Mesa","Roofed Forest","Birch Forest","Jungle","Plains","Taiga","Desert","Deep Ocean"]}}