{"stat.useItem.minecraft.bow":155,"stat.walkOneCm":354533,"stat.playerKills":52,"stat.useItem.minecraft.iron_sword":348,"stat.leaveGame":14,"stat.damageTaken":14679,"stat.useItem.minecraft.golden_apple":17,"stat.flyOneCm":394404,"stat.deaths":55,"stat.jump":1405,"stat.swimOneCm":10,"stat.playOneMinute":49211,"stat.fallOneCm":186622,"stat.damageDealt":27460,"stat.crouchOneCm":3165,"stat.timeSinceDeath":5687,"stat.sprintOneCm":214205,"achievement.exploreAllBiomes":{"value":0,"progress":["Mesa","Beach","Roofed Forest","Birch Forest","Jungle","Plains","Taiga","Desert","Deep Ocean","Savanna"]}}