{"stat.walkOneCm":97525,"stat.playerKills":10,"achievement.openInventory":2,"stat.useItem.minecraft.iron_sword":84,"stat.leaveGame":6,"stat.damageTaken":4521,"stat.useItem.minecraft.golden_apple":5,"stat.flyOneCm":92488,"stat.deaths":18,"stat.jump":282,"stat.playOneMinute":23800,"stat.fallOneCm":63946,"stat.damageDealt":7715,"stat.crouchOneCm":3,"stat.timeSinceDeath":775,"stat.sprintOneCm":72421,"achievement.exploreAllBiomes":{"value":0,"progress":["Mesa","Roofed Forest","Birch Forest","Jungle","Plains","Taiga","Desert","Deep Ocean"]}}