{"stat.useItem.minecraft.bow":63,"stat.walkOneCm":313442,"stat.playerKills":40,"stat.useItem.minecraft.iron_sword":284,"stat.leaveGame":19,"stat.damageTaken":11900,"stat.useItem.minecraft.golden_apple":15,"stat.flyOneCm":493886,"stat.deaths":47,"stat.jump":1905,"stat.swimOneCm":281,"stat.playOneMinute":45724,"stat.fallOneCm":223505,"stat.damageDealt":25080,"stat.crouchOneCm":115,"stat.enderchestOpened":1,"stat.timeSinceDeath":165,"stat.sprintOneCm":184295,"achievement.exploreAllBiomes":{"value":0,"progress":["Mesa","Beach","Roofed Forest","Birch Forest","Jungle","Plains","Taiga","Desert","Deep Ocean","Savanna"]}}