{"stat.useItem.minecraft.bow":475,"stat.walkOneCm":533292,"stat.playerKills":150,"stat.leaveGame":19,"stat.useItem.minecraft.diamond_sword":43,"stat.jump":3824,"stat.swimOneCm":1117,"stat.fallOneCm":310350,"stat.crouchOneCm":3343,"stat.enderchestOpened":1,"stat.sprintOneCm":296543,"achievement.exploreAllBiomes":{"value":0,"progress":["Mesa","Beach","Roofed Forest","Birch Forest","Jungle","Forest","Plains","Taiga","Desert","Deep Ocean","Savanna"]},"achievement.openInventory":15,"stat.useItem.minecraft.iron_sword":706,"stat.damageTaken":23109,"stat.useItem.minecraft.golden_apple":38,"stat.flyOneCm":947245,"stat.deaths":61,"stat.playOneMinute":90547,"stat.damageDealt":61695,"stat.timeSinceDeath":0,"stat.diveOneCm":186}