{"stat.useItem.minecraft.bow":597,"stat.walkOneCm":1934123,"stat.playerKills":163,"stat.leaveGame":61,"stat.useItem.minecraft.cobblestone":98,"stat.useItem.minecraft.lava_bucket":156,"stat.useItem.minecraft.diamond_sword":157,"stat.jump":6300,"stat.swimOneCm":8168,"stat.fallOneCm":672700,"stat.crouchOneCm":3699,"stat.enderchestOpened":11,"stat.sprintOneCm":1406053,"achievement.exploreAllBiomes":{"value":0,"progress":["Mesa","Beach","Roofed Forest","Birch Forest","Jungle","Plains","Desert","Taiga","Deep Ocean","Savanna"]},"achievement.openInventory":221,"stat.useItem.minecraft.iron_sword":777,"stat.damageTaken":67964,"stat.useItem.minecraft.golden_apple":36,"stat.flyOneCm":1401257,"stat.deaths":276,"stat.drop":54,"stat.playOneMinute":308947,"stat.damageDealt":90315,"stat.timeSinceDeath":130,"stat.diveOneCm":18847,"stat.useItem.minecraft.fishing_rod":72}