{"stat.useItem.minecraft.bow":128,"stat.walkOneCm":180525,"stat.playerKills":18,"achievement.openInventory":44,"stat.useItem.minecraft.iron_sword":109,"stat.leaveGame":10,"stat.damageTaken":6108,"stat.useItem.minecraft.diamond_sword":18,"stat.useItem.minecraft.golden_apple":12,"stat.flyOneCm":177729,"stat.deaths":22,"stat.drop":32,"stat.jump":644,"stat.playOneMinute":28218,"stat.fallOneCm":97830,"stat.damageDealt":10365,"stat.crouchOneCm":2115,"stat.enderchestOpened":4,"stat.timeSinceDeath":609,"stat.useItem.minecraft.obsidian":16,"stat.sprintOneCm":100837,"achievement.exploreAllBiomes":{"value":0,"progress":["Mesa","Roofed Forest","Birch Forest","Jungle","Plains","Taiga","Desert","Deep Ocean"]}}