{"stat.useItem.minecraft.bow":47,"stat.walkOneCm":92107,"stat.playerKills":3,"stat.useItem.minecraft.iron_sword":7,"stat.leaveGame":7,"stat.damageTaken":1390,"stat.useItem.minecraft.diamond_sword":13,"stat.useItem.minecraft.golden_apple":2,"stat.flyOneCm":59612,"stat.deaths":7,"stat.jump":214,"stat.playOneMinute":9980,"stat.fallOneCm":44445,"stat.damageDealt":1765,"stat.crouchOneCm":3,"stat.timeSinceDeath":2241,"stat.sprintOneCm":55887,"achievement.exploreAllBiomes":{"value":0,"progress":["Mesa","Beach","Roofed Forest","Birch Forest","Jungle","Plains","Taiga","Desert","Deep Ocean"]}}