{"stat.useItem.minecraft.bow":232,"stat.walkOneCm":481849,"stat.playerKills":57,"stat.useItem.minecraft.iron_sword":448,"stat.leaveGame":15,"stat.damageTaken":18825,"stat.useItem.minecraft.diamond_sword":30,"stat.useItem.minecraft.golden_apple":24,"stat.flyOneCm":478441,"stat.deaths":51,"stat.jump":1921,"stat.swimOneCm":412,"stat.playOneMinute":59493,"stat.fallOneCm":244660,"stat.damageDealt":43020,"stat.crouchOneCm":647,"stat.timeSinceDeath":0,"stat.sprintOneCm":323646,"achievement.exploreAllBiomes":{"value":0,"progress":["Mesa","Beach","Roofed Forest","Birch Forest","Jungle","Plains","Taiga","Desert","Deep Ocean","Savanna"]}}