{"stat.useItem.minecraft.bow":789,"stat.walkOneCm":830401,"stat.playerKills":59,"stat.leaveGame":56,"stat.useItem.minecraft.diamond_sword":55,"stat.jump":3433,"stat.swimOneCm":350,"stat.fallOneCm":583836,"stat.crouchOneCm":419,"stat.enderchestOpened":2,"stat.sprintOneCm":514471,"achievement.exploreAllBiomes":{"value":0,"progress":["Mesa","Beach","Roofed Forest","Birch Forest","Jungle","Forest","Plains","Taiga","Desert","Deep Ocean","Savanna"]},"achievement.openInventory":6,"stat.useItem.minecraft.iron_sword":368,"stat.damageTaken":36923,"stat.useItem.minecraft.golden_apple":21,"stat.flyOneCm":930844,"stat.deaths":146,"stat.playOneMinute":133747,"stat.damageDealt":36440,"stat.timeSinceDeath":72,"stat.diveOneCm":34}