{"stat.useItem.minecraft.bow":137,"stat.walkOneCm":144108,"stat.playerKills":27,"stat.useItem.minecraft.iron_sword":107,"stat.leaveGame":15,"stat.damageTaken":9500,"stat.useItem.minecraft.diamond_sword":19,"stat.useItem.minecraft.golden_apple":12,"stat.flyOneCm":385721,"stat.deaths":38,"stat.jump":1503,"stat.playOneMinute":48994,"stat.fallOneCm":163834,"stat.damageDealt":13860,"stat.crouchOneCm":1258,"stat.enderchestOpened":1,"stat.timeSinceDeath":582,"stat.useItem.minecraft.obsidian":1,"stat.sprintOneCm":90466,"achievement.exploreAllBiomes":{"value":0,"progress":["Mesa","Beach","Roofed Forest","Birch Forest","Jungle","Plains","Taiga","Desert","Deep Ocean","Savanna"]}}