{"stat.useItem.minecraft.bow":107,"stat.walkOneCm":710827,"stat.playerKills":88,"stat.leaveGame":20,"stat.useItem.minecraft.diamond_sword":45,"stat.jump":2956,"stat.swimOneCm":4204,"stat.fallOneCm":92020,"stat.crouchOneCm":22322,"stat.useItem.minecraft.obsidian":9,"stat.sprintOneCm":131426,"achievement.exploreAllBiomes":{"value":0,"progress":["Mesa","Roofed Forest","Birch Forest","Jungle","Plains","Taiga","Desert","Deep Ocean"]},"achievement.openInventory":8,"stat.useItem.minecraft.iron_sword":466,"stat.damageTaken":20377,"stat.useItem.minecraft.golden_apple":26,"stat.flyOneCm":814236,"stat.deaths":71,"stat.playOneMinute":133829,"stat.damageDealt":49150,"stat.timeSinceDeath":113,"stat.diveOneCm":5257}