{"stat.useItem.minecraft.bow":29,"stat.walkOneCm":68801,"stat.playerKills":1,"stat.useItem.minecraft.iron_sword":4,"stat.leaveGame":7,"stat.damageTaken":216,"stat.flyOneCm":92979,"stat.deaths":1,"stat.jump":338,"stat.playOneMinute":8013,"stat.fallOneCm":3249,"stat.damageDealt":315,"stat.crouchOneCm":38,"stat.enderchestOpened":1,"stat.timeSinceDeath":839,"stat.sprintOneCm":52476,"achievement.exploreAllBiomes":{"value":0,"progress":["Mesa","Roofed Forest","Birch Forest","Jungle","Plains","Taiga","Desert","Deep Ocean","Savanna"]}}