{"stat.useItem.minecraft.bow":30,"stat.walkOneCm":200509,"stat.playerKills":6,"stat.useItem.minecraft.iron_sword":68,"stat.leaveGame":2,"stat.damageTaken":7442,"stat.flyOneCm":172543,"stat.deaths":23,"stat.jump":613,"stat.swimOneCm":98,"stat.playOneMinute":21469,"stat.fallOneCm":99635,"stat.damageDealt":5265,"stat.crouchOneCm":330,"stat.timeSinceDeath":0,"stat.sprintOneCm":96926,"achievement.exploreAllBiomes":{"value":0,"progress":["Mesa","Beach","Roofed Forest","Birch Forest","Jungle","Forest","Plains","Taiga","Desert","Deep Ocean","Savanna"]}}